{
    "name": "Velvet v2",
    "matrix": { "rows": 8, "cols": 6},
#include "keyboards/ergohaven/vial_custom_keycodes.json"
  "layouts": {
    "keymap": [
      [
        {
          "x": 3,
          "c": "#aaaaaa"
        },
        "0,2",
        {
          "x": 6.550000000000001
        },
        "4,2"
      ],
      [
        {
          "y": -0.8500000000000001,
          "x": 2
        },
        "0,3",
        {
          "x": 1
        },
        "0,1",
        {
          "x": 6.550000000000001
        },
        "4,3"
      ],
      [
        {
          "y": -0.9999999999999999,
          "x": 9.55
        },
        "4,1"
      ],
      [
        {
          "y": -0.8500000000000001,
          "x": 1
        },
        "0,4",
        {
          "x": 3
        },
        "0,0",
        {
          "x": 6.550000000000001
        },
        "4,4"
      ],
      [
        {
          "y": -0.9999999999999999,
          "x": 8.55
        },
        "4,0"
      ],
      [
        {
          "y": -0.8,
          "c": "#777777"
        },
        "0,5",
        {
          "x": 12.55,
          "c": "#aaaaaa"
        },
        "4,5"
      ],
      [
        {
          "y": -0.5,
          "x": 3,
          "c": "#cccccc"
        },
        "1,2",
        {
          "x": 6.550000000000001
        },
        "5,2"
      ],
      [
        {
          "y": -0.8499999999999999,
          "x": 2
        },
        "1,3",
        {
          "x": 1
        },
        "1,1",
        {
          "x": 4.550000000000001
        },
        "5,1",
        {
          "x": 1
        },
        "5,3"
      ],
      [
        {
          "y": -0.8500000000000001,
          "x": 1
        },
        "1,4",
        {
          "x": 3
        },
        "1,0",
        {
          "x": 2.5500000000000007
        },
        "5,0",
        {
          "x": 3
        },
        "5,4"
      ],
      [
        {
          "y": -0.8
        },
        "1,5",
        {
          "x": 12.55
        },
        "5,5"
      ],
      [
        {
          "y": -0.5,
          "x": 3
        },
        "2,2",
        {
          "x": 6.550000000000001
        },
        "6,2"
      ],
      [
        {
          "y": -0.8500000000000001,
          "x": 2
        },
        "2,3",
        {
          "x": 1
        },
        "2,1",
        {
          "x": 4.550000000000001
        },
        "6,1",
        {
          "x": 1
        },
        "6,3"
      ],
      [
        {
          "y": -0.8500000000000001,
          "x": 1
        },
        "2,4",
        {
          "x": 3
        },
        "2,0",
        {
          "x": 2.5500000000000007
        },
        "6,0",
        {
          "x": 3
        },
        "6,4"
      ],
      [
        {
          "y": -0.7999999999999998,
          "c": "#aaaaaa"
        },
        "2,5",
        {
          "x": 12.55,
          "c": "#cccccc"
        },
        "6,5"
      ],
      [
        {
          "y": -0.5,
          "x": 3
        },
        "3,2",
        {
          "x": 6.550000000000001
        },
        "7,2"
      ],
      [
        {
          "y": -0.8500000000000001,
          "x": 2
        },
        "3,3",
        {
          "x": 1
        },
        "3,1",
        {
          "x": 4.550000000000001
        },
        "7,1",
        {
          "x": 1
        },
        "7,3"
      ],
      [
        {
          "y": -0.8500000000000001,
          "x": 5
        },
        "3,0",
        {
          "x": 2.5500000000000007
        },
        "7,0"
      ]
    ]
  }
}
