{
    "name": "Imperial44",
    "vendorId": "0x444D",
    "productId": "0x3636",
    "lighting": "qmk_rgblight",
    "matrix": {
        "rows": 8,
        "cols": 6
    },
#include "users/ergohaven/vial_keycodes.json"
  "layouts": {
    "keymap": [
      [
        {
          "y": 1,
          "x": 3
        },
        "0,2",
        {
          "x": 9.5
        },
        "4,2"
      ],
      [
        {
          "y": -0.8500000000000001,
          "x": 2
        },
        "0,3",
        {
          "x": 1
        },
        "0,1",
        {
          "x": 7.5
        },
        "4,1",
        {
          "x": 1
        },
        "4,3"
      ],
      [
        {
          "y": -0.8499999999999999,
          "x": 1
        },
        "0,4",
        {
          "x": 3
        },
        "0,0",
        {
          "x": 5.5
        },
        "4,0",
        {
          "x": 3
        },
        "4,4"
      ],
      [
        {
          "y": -0.7999999999999998
        },
        "0,5",
        {
          "x": 15.5
        },
        "4,5"
      ],
      [
        {
          "y": -0.5,
          "x": 3
        },
        "1,2",
        {
          "x": 9.5
        },
        "5,2"
      ],
      [
        {
          "y": -0.8500000000000001,
          "x": 2
        },
        "1,3",
        {
          "x": 1
        },
        "1,1",
        {
          "x": 7.5
        },
        "5,1",
        {
          "x": 1
        },
        "5,3"
      ],
      [
        {
          "y": -0.8500000000000001,
          "x": 1
        },
        "1,4",
        {
          "x": 3
        },
        "1,0",
        {
          "x": 5.5
        },
        "5,0",
        {
          "x": 3
        },
        "5,4"
      ],
      [
        {
          "y": -0.7999999999999998,
          "c": "#aaaaaa"
        },
        "1,5",
        {
          "x": 15.5,
          "c": "#cccccc"
        },
        "5,5"
      ],
      [
        {
          "y": -0.5,
          "x": 3
        },
        "2,2",
        {
          "x": 9.5
        },
        "6,2"
      ],
      [
        {
          "y": -0.8500000000000001,
          "x": 2
        },
        "2,3",
        {
          "x": 1,
          "n": true
        },
        "2,1",
        {
          "x": 7.5,
          "n": true
        },
        "6,1",
        {
          "x": 1
        },
        "6,3"
      ],
      [
        {
          "y": -0.8500000000000005,
          "x": 1
        },
        "2,4",
        {
          "x": 3
        },
        "2,0",
        {
          "x": 5.5
        },
        "6,0",
        {
          "x": 3
        },
        "6,4"
      ],
      [
        {
          "y": -0.7999999999999998,
          "c": "#aaaaaa"
        },
        "2,5",
        {
          "x": 15.5,
          "c": "#cccccc"
        },
        "6,5"
      ],
      [
        {
          "y": -0.7000000000000002,
          "x": 6
        },
        "3,0",
        {
          "x": 3.5
        },
        "7,0"
      ],
      [
        {
          "y": -0.5499999999999998,
          "x": 4
        },
        "3,3",
        {
          "x": 7.5
        },
        "7,3"
      ],
      [
        {
          "y": -0.8499999999999996,
          "x": 5
        },
        "3,2",
        {
          "x": 5.5
        },
        "7,2"
      ],
      [
        {
          "y": -0.6000000000000005,
          "x": 6
        },
        "3,1",
        {
          "x": 3.5
        },
        "7,1"
      ]
    ]
  }
}
